{
  "hash": "246e78d2",
  "configHash": "c56abbae",
  "lockfileHash": "ce1cac0f",
  "browserHash": "58724d04",
  "optimized": {
    "@angular/common": {
      "src": "../../../../../node_modules/@angular/common/fesm2022/common.mjs",
      "file": "@angular_common.js",
      "fileHash": "6c23504f",
      "needsInterop": false
    },
    "@angular/common/http": {
      "src": "../../../../../node_modules/@angular/common/fesm2022/http.mjs",
      "file": "@angular_common_http.js",
      "fileHash": "200ade0b",
      "needsInterop": false
    },
    "@angular/core": {
      "src": "../../../../../node_modules/@angular/core/fesm2022/core.mjs",
      "file": "@angular_core.js",
      "fileHash": "27745a01",
      "needsInterop": false
    },
    "@angular/platform-browser": {
      "src": "../../../../../node_modules/@angular/platform-browser/fesm2022/platform-browser.mjs",
      "file": "@angular_platform-browser.js",
      "fileHash": "52f6277d",
      "needsInterop": false
    },
    "@angular/router": {
      "src": "../../../../../node_modules/@angular/router/fesm2022/router.mjs",
      "file": "@angular_router.js",
      "fileHash": "fe7b7c0e",
      "needsInterop": false
    },
    "rxjs/operators": {
      "src": "../../../../../node_modules/rxjs/dist/esm5/operators/index.js",
      "file": "rxjs_operators.js",
      "fileHash": "061a6494",
      "needsInterop": false
    }
  },
  "chunks": {
    "chunk-ZEIWATWW": {
      "file": "chunk-ZEIWATWW.js"
    },
    "chunk-YS54BBV6": {
      "file": "chunk-YS54BBV6.js"
    },
    "chunk-NXFDKYFO": {
      "file": "chunk-NXFDKYFO.js"
    },
    "chunk-CFHFDGJN": {
      "file": "chunk-CFHFDGJN.js"
    },
    "chunk-QAU3MEMJ": {
      "file": "chunk-QAU3MEMJ.js"
    }
  }
}